video_name,sample_number,source_frame_number,timestamp_seconds,roll_number,confidence,status
test_video.mp4,1,0,0.000,22102004,0.904562,recognized
test_video.mp4,1,0,0.000,22102039,0.989294,recognized
test_video.mp4,1,0,0.000,22102040,0.919553,recognized
test_video.mp4,1,0,0.000,22102037,0.911477,recognized
test_video.mp4,2,90,3.000,22102004,0.951025,recognized
test_video.mp4,2,90,3.000,22102040,0.791254,recognized
test_video.mp4,2,90,3.000,22102037,0.835710,recognized
test_video.mp4,2,90,3.000,22102039,0.990019,recognized
test_video.mp4,2,90,3.000,Unknown,0.364253,unknown
test_video.mp4,3,180,6.000,22102039,0.978700,recognized
test_video.mp4,3,180,6.000,22102037,0.779699,recognized
test_video.mp4,3,180,6.000,22102004,0.908931,recognized
test_video.mp4,3,180,6.000,22102040,0.704020,recognized
test_video.mp4,4,270,9.001,22102039,0.983526,recognized
test_video.mp4,4,270,9.001,22102037,0.936445,recognized
test_video.mp4,4,270,9.001,22102004,0.822957,recognized
test_video.mp4,4,270,9.001,22102040,0.677526,recognized
test_video.mp4,4,270,9.001,22102025,0.698957,recognized
test_video.mp4,5,360,12.001,22102039,0.967714,recognized
test_video.mp4,5,360,12.001,22102004,0.857817,recognized
test_video.mp4,5,360,12.001,22102040,0.647779,recognized
test_video.mp4,5,360,12.001,22102037,0.740641,recognized
test_video.mp4,6,450,15.001,Unknown,0.236140,unknown
test_video.mp4,6,450,15.001,22102039,0.982477,recognized
test_video.mp4,6,450,15.001,22102037,0.670235,recognized
test_video.mp4,6,450,15.001,22102040,0.867089,recognized
test_video.mp4,7,540,18.001,22102004,0.938489,recognized
test_video.mp4,7,540,18.001,22102040,0.846469,recognized
test_video.mp4,7,540,18.001,22102037,0.729432,recognized
test_video.mp4,7,540,18.001,22102039,0.975200,recognized
test_video.mp4,8,630,21.001,22102004,0.875017,recognized
test_video.mp4,8,630,21.001,22102039,0.988517,recognized
test_video.mp4,8,630,21.001,22102037,0.789294,recognized
test_video.mp4,8,630,21.001,22102040,0.793126,recognized
test_video.mp4,9,720,24.002,22102039,0.977534,recognized
test_video.mp4,9,720,24.002,22102004,0.708872,recognized
test_video.mp4,9,720,24.002,22102040,0.806282,recognized
test_video.mp4,9,720,24.002,22102037,0.916747,recognized
test_video.mp4,10,810,27.002,22102004,0.910890,recognized
test_video.mp4,10,810,27.002,22102040,0.757203,recognized
test_video.mp4,10,810,27.002,22102037,0.811211,recognized
test_video.mp4,10,810,27.002,22102039,0.984274,recognized
test_video.mp4,11,900,30.002,22102004,0.946124,recognized
test_video.mp4,11,900,30.002,22102039,0.979298,recognized
test_video.mp4,11,900,30.002,22102037,0.635021,recognized
test_video.mp4,11,900,30.002,22102040,0.789911,recognized
test_video.mp4,12,990,33.002,22102004,0.911763,recognized
test_video.mp4,12,990,33.002,22102039,0.984649,recognized
test_video.mp4,12,990,33.002,22102038,0.640919,recognized
test_video.mp4,12,990,33.002,22102037,0.909502,recognized
test_video.mp4,12,990,33.002,22102040,0.597302,recognized
test_video.mp4,13,1080,36.002,22102040,0.901085,recognized
test_video.mp4,13,1080,36.002,22102039,0.975973,recognized
test_video.mp4,13,1080,36.002,22102037,0.754483,recognized
test_video.mp4,13,1080,36.002,22102038,0.760894,recognized
test_video.mp4,13,1080,36.002,22102004,0.858871,recognized
test_video.mp4,14,1170,39.002,22102039,0.981019,recognized
test_video.mp4,14,1170,39.002,22102004,0.861234,recognized
test_video.mp4,14,1170,39.002,22102038,0.899312,recognized
test_video.mp4,14,1170,39.002,22102040,0.862407,recognized
test_video.mp4,14,1170,39.002,22102037,0.869342,recognized
test_video.mp4,14,1170,39.002,22102025,0.802709,recognized
test_video.mp4,15,1260,42.003,22102038,0.685544,recognized
test_video.mp4,15,1260,42.003,22102040,0.896215,recognized
test_video.mp4,15,1260,42.003,22102037,0.894432,recognized
test_video.mp4,15,1260,42.003,22102039,0.981604,recognized
test_video.mp4,15,1260,42.003,22102004,0.850680,recognized
test_video.mp4,16,1350,45.003,22102038,0.960019,recognized
test_video.mp4,16,1350,45.003,22102004,0.882579,recognized
test_video.mp4,16,1350,45.003,22102039,0.982243,recognized
test_video.mp4,16,1350,45.003,22102040,0.707719,recognized
test_video.mp4,16,1350,45.003,22102037,0.848817,recognized
test_video.mp4,17,1440,48.003,22102037,0.840247,recognized
test_video.mp4,17,1440,48.003,22102038,0.971049,recognized
test_video.mp4,17,1440,48.003,22102039,0.960866,recognized
test_video.mp4,17,1440,48.003,22102040,0.802723,recognized
test_video.mp4,17,1440,48.003,22102004,0.880872,recognized
test_video.mp4,18,1530,51.003,22102039,0.928924,recognized
test_video.mp4,18,1530,51.003,22102037,0.788560,recognized
test_video.mp4,18,1530,51.003,22102038,0.974047,recognized
test_video.mp4,18,1530,51.003,22102004,0.822561,recognized
test_video.mp4,18,1530,51.003,22102040,0.801951,recognized
test_video.mp4,19,1620,54.003,22102004,0.922661,recognized
test_video.mp4,19,1620,54.003,22102039,0.979474,recognized
test_video.mp4,19,1620,54.003,22102038,0.671170,recognized
test_video.mp4,19,1620,54.003,22102040,0.585026,recognized
test_video.mp4,19,1620,54.003,Unknown,0.475368,unknown
test_video.mp4,19,1620,54.003,22102037,0.629739,recognized
test_video.mp4,20,1710,57.004,22102004,0.927513,recognized
test_video.mp4,20,1710,57.004,22102038,0.875256,recognized
test_video.mp4,20,1710,57.004,22102040,0.830902,recognized
test_video.mp4,20,1710,57.004,22102039,0.984880,recognized
test_video.mp4,20,1710,57.004,22102037,0.762946,recognized
test_video.mp4,20,1710,57.004,Unknown,0.121829,unknown
test_video.mp4,21,1800,60.004,22102039,0.971654,recognized
test_video.mp4,21,1800,60.004,22102037,0.821361,recognized
test_video.mp4,21,1800,60.004,22102038,0.908741,recognized
test_video.mp4,21,1800,60.004,22102040,0.783849,recognized
test_video.mp4,21,1800,60.004,22102004,0.915319,recognized
test_video.mp4,22,1890,63.004,22102038,0.879047,recognized
test_video.mp4,22,1890,63.004,22102037,0.842880,recognized
test_video.mp4,22,1890,63.004,22102004,0.730790,recognized
test_video.mp4,22,1890,63.004,22102039,0.982208,recognized
test_video.mp4,22,1890,63.004,22102040,0.848314,recognized
test_video.mp4,23,1980,66.004,22102038,0.947336,recognized
test_video.mp4,23,1980,66.004,22102040,0.758981,recognized
test_video.mp4,23,1980,66.004,22102039,0.935195,recognized
test_video.mp4,23,1980,66.004,22102004,0.863814,recognized
test_video.mp4,23,1980,66.004,22102037,0.641294,recognized
test_video.mp4,24,2070,69.004,22102039,0.930395,recognized
test_video.mp4,24,2070,69.004,22102038,0.703594,recognized
test_video.mp4,24,2070,69.004,22102004,0.841329,recognized
test_video.mp4,24,2070,69.004,22102040,0.930875,recognized
test_video.mp4,24,2070,69.004,22102037,0.790476,recognized
test_video.mp4,25,2160,72.005,22102037,0.946915,recognized
test_video.mp4,25,2160,72.005,22102038,0.892097,recognized
test_video.mp4,25,2160,72.005,22102039,0.951008,recognized
test_video.mp4,25,2160,72.005,22102004,0.734836,recognized
test_video.mp4,25,2160,72.005,22102040,0.703124,recognized
test_video.mp4,25,2160,72.005,Unknown,0.496828,unknown
test_video.mp4,26,2250,75.005,22102039,0.971287,recognized
test_video.mp4,26,2250,75.005,22102038,0.911100,recognized
test_video.mp4,26,2250,75.005,22102040,0.861155,recognized
test_video.mp4,26,2250,75.005,22102004,0.927993,recognized
test_video.mp4,26,2250,75.005,22102037,0.767643,recognized
test_video_02.mp4,1,0,0.000,22102037,0.891034,recognized
test_video_02.mp4,1,0,0.000,22102004,0.868744,recognized
test_video_02.mp4,1,0,0.000,22102040,0.869063,recognized
test_video_02.mp4,1,0,0.000,22102039,0.980777,recognized
test_video_02.mp4,1,0,0.000,Unknown,0.388705,unknown
test_video_02.mp4,2,90,3.000,22102004,0.918762,recognized
test_video_02.mp4,2,90,3.000,22102039,0.988152,recognized
test_video_02.mp4,2,90,3.000,22102037,0.771891,recognized
test_video_02.mp4,2,90,3.000,22102040,0.804030,recognized
test_video_02.mp4,2,90,3.000,Unknown,0.172717,unknown
test_video_02.mp4,3,180,6.000,22102039,0.970274,recognized
test_video_02.mp4,3,180,6.000,22102037,0.795677,recognized
test_video_02.mp4,3,180,6.000,Unknown,0.527038,unknown
test_video_02.mp4,3,180,6.000,22102004,0.831909,recognized
test_video_02.mp4,4,270,9.000,22102039,0.967650,recognized
test_video_02.mp4,4,270,9.000,22102037,0.909963,recognized
test_video_02.mp4,4,270,9.000,22102040,0.672105,recognized
test_video_02.mp4,4,270,9.000,Unknown,0.473125,unknown
test_video_02.mp4,4,270,9.000,Unknown,0.253396,unknown
test_video_02.mp4,5,360,12.000,22102037,0.608561,recognized
test_video_02.mp4,5,360,12.000,22102039,0.973167,recognized
test_video_02.mp4,5,360,12.000,22102004,0.866600,recognized
test_video_02.mp4,5,360,12.000,22102040,0.786333,recognized
test_video_02.mp4,6,450,15.000,Unknown,0.427016,unknown
test_video_02.mp4,6,450,15.000,22102040,0.832101,recognized
test_video_02.mp4,6,450,15.000,22102039,0.980362,recognized
test_video_02.mp4,6,450,15.000,22102037,0.711309,recognized
test_video_02.mp4,7,540,18.000,22102039,0.974543,recognized
test_video_02.mp4,7,540,18.000,22102040,0.829192,recognized
test_video_02.mp4,7,540,18.000,22102004,0.787181,recognized
test_video_02.mp4,7,540,18.000,22102037,0.843696,recognized
test_video_02.mp4,8,630,21.000,22102004,0.935278,recognized
test_video_02.mp4,8,630,21.000,22102039,0.971642,recognized
test_video_02.mp4,8,630,21.000,22102040,0.869620,recognized
test_video_02.mp4,8,630,21.000,22102037,0.627330,recognized
test_video_02.mp4,9,720,24.000,22102039,0.973062,recognized
test_video_02.mp4,9,720,24.000,22102004,0.837688,recognized
test_video_02.mp4,9,720,24.000,Unknown,0.479273,unknown
test_video_02.mp4,9,720,24.000,22102037,0.864418,recognized
test_video_02.mp4,10,810,27.000,22102004,0.795264,recognized
test_video_02.mp4,10,810,27.000,22102039,0.971548,recognized
test_video_02.mp4,10,810,27.000,22102040,0.644991,recognized
test_video_02.mp4,10,810,27.000,22102037,0.818219,recognized
test_video_02.mp4,11,900,30.000,22102004,0.902165,recognized
test_video_02.mp4,11,900,30.000,22102039,0.969151,recognized
test_video_02.mp4,11,900,30.000,22102037,0.876749,recognized
test_video_02.mp4,11,900,30.000,22102040,0.720224,recognized
test_video_02.mp4,12,990,33.000,22102038,0.842023,recognized
test_video_02.mp4,12,990,33.000,22102039,0.978634,recognized
test_video_02.mp4,12,990,33.000,22102004,0.739034,recognized
test_video_02.mp4,12,990,33.000,22102040,0.595833,recognized
test_video_02.mp4,12,990,33.000,22102037,0.815334,recognized
test_video_02.mp4,12,990,33.000,Unknown,0.397345,unknown
test_video_02.mp4,13,1080,36.000,22102004,0.919856,recognized
test_video_02.mp4,13,1080,36.000,22102039,0.986048,recognized
test_video_02.mp4,13,1080,36.000,22102037,0.886975,recognized
test_video_02.mp4,13,1080,36.000,22102038,0.934560,recognized
test_video_02.mp4,13,1080,36.000,22102040,0.837156,recognized
test_video_02.mp4,14,1170,39.000,22102039,0.961734,recognized
test_video_02.mp4,14,1170,39.000,22102038,0.817365,recognized
test_video_02.mp4,14,1170,39.000,22102037,0.853881,recognized
test_video_02.mp4,14,1170,39.000,22102004,0.872557,recognized
test_video_02.mp4,14,1170,39.000,Unknown,0.265590,unknown
test_video_02.mp4,15,1260,42.000,22102039,0.969987,recognized
test_video_02.mp4,15,1260,42.000,22102038,0.861442,recognized
test_video_02.mp4,15,1260,42.000,22102004,0.918011,recognized
test_video_02.mp4,15,1260,42.000,22102040,0.925772,recognized
test_video_02.mp4,15,1260,42.000,22102037,0.637354,recognized
test_video_02.mp4,16,1350,45.000,22102038,0.800440,recognized
test_video_02.mp4,16,1350,45.000,22102039,0.980382,recognized
test_video_02.mp4,16,1350,45.000,22102040,0.687405,recognized
test_video_02.mp4,16,1350,45.000,22102004,0.846788,recognized
test_video_02.mp4,16,1350,45.000,22102037,0.795001,recognized
test_video_02.mp4,16,1350,45.000,Unknown,0.307587,unknown
test_video_02.mp4,17,1440,48.000,22102004,0.767019,recognized
test_video_02.mp4,17,1440,48.000,Unknown,0.440902,unknown
test_video_02.mp4,17,1440,48.000,22102039,0.944539,recognized
test_video_02.mp4,17,1440,48.000,22102037,0.860731,recognized
test_video_02.mp4,17,1440,48.000,22102040,0.602698,recognized
test_video_02.mp4,17,1440,48.000,Unknown,0.393575,unknown
test_video_02.mp4,18,1530,51.000,22102004,0.861683,recognized
test_video_02.mp4,18,1530,51.000,22102039,0.946112,recognized
test_video_02.mp4,18,1530,51.000,22102037,0.740322,recognized
test_video_02.mp4,18,1530,51.000,22102038,0.868754,recognized
test_video_02.mp4,18,1530,51.000,22102040,0.703733,recognized
test_video_02.mp4,18,1530,51.000,22102025,0.754135,recognized
test_video_02.mp4,18,1530,51.000,Unknown,0.122568,unknown
test_video_02.mp4,19,1620,54.000,22102039,0.952171,recognized
test_video_02.mp4,19,1620,54.000,22102037,0.822111,recognized
test_video_02.mp4,19,1620,54.000,22102040,0.875146,recognized
test_video_02.mp4,19,1620,54.000,22102038,0.789160,recognized
test_video_02.mp4,19,1620,54.000,22102004,0.930619,recognized
test_video_02.mp4,19,1620,54.000,22102025,0.772798,recognized
test_video_02.mp4,20,1710,57.000,22102039,0.972881,recognized
test_video_02.mp4,20,1710,57.000,22102004,0.879621,recognized
test_video_02.mp4,20,1710,57.000,22102038,0.836646,recognized
test_video_02.mp4,20,1710,57.000,22102040,0.736457,recognized
test_video_02.mp4,20,1710,57.000,22102037,0.630707,recognized
test_video_02.mp4,21,1800,60.000,22102004,0.746888,recognized
test_video_02.mp4,21,1800,60.000,22102039,0.970419,recognized
test_video_02.mp4,21,1800,60.000,22102038,0.910599,recognized
test_video_02.mp4,21,1800,60.000,Unknown,0.421228,unknown
test_video_02.mp4,21,1800,60.000,22102040,0.750858,recognized
test_video_02.mp4,22,1890,63.000,22102039,0.956993,recognized
test_video_02.mp4,22,1890,63.000,22102004,0.794993,recognized
test_video_02.mp4,22,1890,63.000,22102038,0.939817,recognized
test_video_02.mp4,22,1890,63.000,22102040,0.628474,recognized
test_video_02.mp4,22,1890,63.000,22102037,0.854817,recognized
test_video_02.mp4,22,1890,63.000,Unknown,0.379137,unknown
test_video_02.mp4,23,1980,66.000,22102039,0.769223,recognized
test_video_02.mp4,23,1980,66.000,22102004,0.710352,recognized
test_video_02.mp4,23,1980,66.000,Unknown,0.424461,unknown
test_video_02.mp4,23,1980,66.000,22102040,0.883035,recognized
test_video_02.mp4,23,1980,66.000,22102037,0.616986,recognized
test_video_02.mp4,24,2070,69.000,22102039,0.900863,recognized
test_video_02.mp4,24,2070,69.000,22102038,0.882213,recognized
test_video_02.mp4,24,2070,69.000,22102037,0.698496,recognized
test_video_02.mp4,24,2070,69.000,22102004,0.896004,recognized
test_video_02.mp4,24,2070,69.000,22102040,0.673637,recognized
test_video_02.mp4,24,2070,69.000,22102025,0.554830,recognized
test_video_02.mp4,25,2160,72.000,22102037,0.740297,recognized
test_video_02.mp4,25,2160,72.000,22102004,0.916726,recognized
test_video_02.mp4,25,2160,72.000,22102039,0.969637,recognized
test_video_02.mp4,25,2160,72.000,22102038,0.808861,recognized
test_video_02.mp4,25,2160,72.000,22102040,0.663449,recognized
test_video_02.mp4,25,2160,72.000,Unknown,0.159410,unknown
